{
  "ewma_total_team_plays": {
    "mean": 56.202986385347764,
    "std": 7.764999592149548
  },
  "ewma_pass_rate": {
    "mean": 0.5644338612556093,
    "std": 0.09667313706917477
  },
  "spread": {
    "mean": 0.07504078303425775,
    "std": 5.40158096064072
  },
  "total_ou": {
    "mean": 44.643556280587276,
    "std": 3.858819065416524
  },
  "pass_def_rank": {
    "mean": 10.82952691680261,
    "std": 4.10691347308129
  }
}