{
  "ewma_total_team_plays": {
    "mean": 56.33013294346259,
    "std": 7.504854012183032
  },
  "ewma_pass_rate": {
    "mean": 0.5651236261590219,
    "std": 0.09288732255574912
  },
  "spread": {
    "mean": 0.08823529411764706,
    "std": 5.513726336907387
  },
  "total_ou": {
    "mean": 44.73249299719888,
    "std": 3.8139332797357497
  },
  "pass_yds_perGame_rank": {
    "mean": 16.455182072829132,
    "std": 9.03223807739463
  },
  "rush_def_rank": {
    "mean": 11.343837535014005,
    "std": 5.468375836839752
  }
}