{
  "ewma_total_team_plays": {
    "mean": 56.22054885724234,
    "std": 7.720676640376938
  },
  "ewma_pass_rate": {
    "mean": 0.5638901671911242,
    "std": 0.09573130173317873
  },
  "spread": {
    "mean": 0.1312803889789303,
    "std": 5.504288336815378
  },
  "total_ou": {
    "mean": 44.63614262560778,
    "std": 3.7810977498071043
  },
  "pass_yds_perGame_rank": {
    "mean": 16.39222042139384,
    "std": 9.03272303047401
  },
  "rush_def_rank": {
    "mean": 11.384116693679092,
    "std": 5.4752225658155345
  }
}